popularity,album_families,track_number,danceability,loudness,speechiness,tempo,duration_ms,acousticness,instrumentalness,liveness,valence,release_year
82,THE TORTURED POETS DEPARTMENT,1,0.504,-10.976,0.0308,192.004,228965,0.502,1.53e-05,0.0961,0.281,2024
79,THE TORTURED POETS DEPARTMENT,2,0.604,-8.441,0.0255,110.259,293048,0.0483,0.0,0.126,0.292,2024
80,THE TORTURED POETS DEPARTMENT,3,0.596,-7.362,0.0269,97.073,203801,0.137,0.0,0.302,0.481,2024
82,THE TORTURED POETS DEPARTMENT,4,0.541,-10.412,0.0748,159.707,261228,0.56,1e-06,0.0946,0.168,2024
80,THE TORTURED POETS DEPARTMENT,5,0.423,-11.388,0.322,160.218,262974,0.73,0.00264,0.0816,0.248,2024
81,THE TORTURED POETS DEPARTMENT,6,0.521,-7.684,0.104,79.943,340428,0.384,0.0,0.135,0.438,2024
78,THE TORTURED POETS DEPARTMENT,7,0.33,-9.394,0.0399,87.115,210789,0.624,0.0,0.111,0.34,2024
79,THE TORTURED POETS DEPARTMENT,8,0.533,-7.123,0.138,150.088,215463,0.178,0.0,0.309,0.398,2024
82,THE TORTURED POETS DEPARTMENT,9,0.626,-8.374,0.0261,94.95,254365,0.607,0.0,0.0921,0.487,2024
81,THE TORTURED POETS DEPARTMENT,10,0.606,-10.555,0.048,119.88,334084,0.315,0.0,0.106,0.238,2024
77,THE TORTURED POETS DEPARTMENT,11,0.661,-13.961,0.045,106.896,156297,0.768,1.72e-06,0.176,0.318,2024
80,THE TORTURED POETS DEPARTMENT,12,0.423,-12.56,0.0489,78.539,277156,0.858,0.0,0.108,0.195,2024
82,THE TORTURED POETS DEPARTMENT,13,0.701,-8.39,0.0502,129.994,218004,0.123,0.0,0.15,0.22,2024
81,THE TORTURED POETS DEPARTMENT,14,0.426,-9.083,0.0581,142.377,245541,0.52,0.0,0.338,0.263,2024
78,THE TORTURED POETS DEPARTMENT,15,0.64,-8.802,0.0273,100.056,196900,0.422,0.0,0.103,0.353,2024
76,THE TORTURED POETS DEPARTMENT,16,0.686,-11.046,0.0263,104.088,216662,0.636,0.00144,0.106,0.214,2024
79,THE TORTURED POETS DEPARTMENT,17,0.527,-10.855,0.038,154.042,238857,0.707,0.0,0.102,0.23,2024
81,THE TORTURED POETS DEPARTMENT,18,0.784,-9.471,0.0633,110.007,222072,0.608,0.0,0.252,0.15,2024
77,THE TORTURED POETS DEPARTMENT,19,0.352,-8.942,0.0583,172.013,183878,0.655,0.0,0.0935,0.292,2024
77,THE TORTURED POETS DEPARTMENT,20,0.516,-8.552,0.0446,70.266,213281,0.78,0.0,0.105,0.218,2024
80,THE TORTURED POETS DEPARTMENT,21,0.492,-8.859,0.0257,83.993,238706,0.785,0.00093,0.108,0.273,2024
82,THE TORTURED POETS DEPARTMENT,22,0.366,-4.514,0.0466,176.07,228800,0.0274,3.07e-06,0.106,0.293,2024
78,THE TORTURED POETS DEPARTMENT,23,0.485,-7.197,0.0346,105.953,243875,0.717,0.0,0.357,0.297,2024
76,THE TORTURED POETS DEPARTMENT,24,0.609,-8.013,0.0346,95.997,263817,0.609,0.0,0.122,0.252,2024
76,THE TORTURED POETS DEPARTMENT,25,0.763,-11.429,0.0738,90.796,131907,0.69,0.0,0.164,0.385,2024
81,THE TORTURED POETS DEPARTMENT,26,0.421,-10.359,0.0472,167.927,249807,0.825,2.67e-06,0.308,0.535,2024
76,THE TORTURED POETS DEPARTMENT,27,0.587,-9.879,0.0595,139.963,240205,0.806,0.0,0.137,0.514,2024
77,THE TORTURED POETS DEPARTMENT,28,0.342,-8.212,0.0372,176.859,283957,0.805,0.0,0.0593,0.29,2024
77,THE TORTURED POETS DEPARTMENT,29,0.455,-7.978,0.0492,183.694,238241,0.638,0.0,0.131,0.481,2024
73,THE TORTURED POETS DEPARTMENT,30,0.476,-10.601,0.03,138.265,240893,0.791,0.000423,0.1,0.158,2024
74,THE TORTURED POETS DEPARTMENT,31,0.509,-11.665,0.0306,94.184,224743,0.901,2.43e-06,0.103,0.436,2024
91,THE TORTURED POETS DEPARTMENT,1,0.504,-10.976,0.0308,192.004,228965,0.502,1.53e-05,0.0961,0.281,2024
75,THE TORTURED POETS DEPARTMENT,2,0.604,-8.441,0.0255,110.259,293048,0.0483,0.0,0.126,0.292,2024
77,THE TORTURED POETS DEPARTMENT,3,0.596,-7.362,0.0269,97.073,203801,0.137,0.0,0.302,0.481,2024
82,THE TORTURED POETS DEPARTMENT,4,0.541,-10.412,0.0748,159.707,261228,0.56,1e-06,0.0946,0.168,2024
78,THE TORTURED POETS DEPARTMENT,5,0.423,-11.388,0.322,160.218,262974,0.73,0.00264,0.0816,0.248,2024
78,THE TORTURED POETS DEPARTMENT,6,0.521,-7.684,0.104,79.943,340428,0.384,0.0,0.135,0.438,2024
69,THE TORTURED POETS DEPARTMENT,7,0.33,-9.394,0.0399,87.115,210789,0.624,0.0,0.111,0.34,2024
76,THE TORTURED POETS DEPARTMENT,8,0.533,-7.123,0.138,150.088,215463,0.178,0.0,0.309,0.398,2024
82,THE TORTURED POETS DEPARTMENT,9,0.626,-8.374,0.0261,94.95,254365,0.607,0.0,0.0921,0.487,2024
80,THE TORTURED POETS DEPARTMENT,10,0.606,-10.555,0.048,119.88,334084,0.315,0.0,0.106,0.238,2024
67,THE TORTURED POETS DEPARTMENT,11,0.661,-13.961,0.045,106.896,156297,0.768,1.72e-06,0.176,0.318,2024
75,THE TORTURED POETS DEPARTMENT,12,0.423,-12.56,0.0489,78.539,277156,0.858,0.0,0.108,0.195,2024
88,THE TORTURED POETS DEPARTMENT,13,0.701,-8.39,0.0502,129.994,218004,0.123,0.0,0.15,0.22,2024
74,THE TORTURED POETS DEPARTMENT,14,0.426,-9.083,0.0581,142.377,245541,0.52,0.0,0.338,0.263,2024
73,THE TORTURED POETS DEPARTMENT,15,0.64,-8.802,0.0273,100.056,196900,0.422,0.0,0.103,0.353,2024
67,THE TORTURED POETS DEPARTMENT,16,0.686,-11.046,0.0263,104.088,216662,0.636,0.00144,0.106,0.214,2024
62,1989,1,0.76,-4.871,0.0316,116.989,212600,0.00661,0.000133,0.325,0.685,2023
64,1989,2,0.732,-5.469,0.0645,96.035,231833,0.0901,0.0,0.331,0.71,2023
65,1989,3,0.514,-4.803,0.0444,94.884,231000,0.000456,0.0232,0.0946,0.298,2023
63,1989,4,0.544,-5.973,0.0383,91.981,235800,0.000466,0.000134,0.381,0.184,2023
62,1989,5,0.589,-5.614,0.0308,97.069,193289,0.000778,0.0,0.188,0.54,2023
62,1989,6,0.632,-5.707,0.069,160.052,219209,0.0112,2.51e-05,0.156,0.903,2023
61,1989,7,0.671,-6.568,0.0417,118.032,207650,0.00388,9.48e-06,0.0812,0.523,2023
61,1989,8,0.624,-6.347,0.159,169.999,211103,0.0369,3.13e-06,0.19,0.347,2023
63,1989,9,0.587,-7.439,0.0598,139.993,220433,0.0348,9.95e-05,0.0971,0.539,2023
61,1989,10,0.761,-5.956,0.0537,120.014,247533,0.00198,1.08e-05,0.0873,0.519,2023
60,1989,11,0.47,-8.672,0.0349,144.039,250100,0.302,0.0,0.0672,0.0524,2023
61,1989,12,0.572,-5.348,0.0574,160.015,195700,0.0846,0.0,0.071,0.626,2023
62,1989,13,0.782,-8.964,0.0303,103.99,271000,0.297,2.98e-05,0.103,0.267,2023
61,1989,14,0.387,-5.956,0.0545,123.18,245566,0.0105,1.1e-05,0.128,0.32,2023
62,1989,15,0.554,-9.403,0.0455,85.079,267389,0.572,2.08e-06,0.113,0.401,2023
63,1989,16,0.653,-5.936,0.0583,122.017,230177,0.00516,4.24e-06,0.0798,0.724,2023
64,1989,17,0.621,-13.187,0.0543,77.978,180381,0.33,0.000112,0.0634,0.313,2023
63,1989,18,0.632,-8.375,0.0342,109.962,279833,0.0684,5.82e-06,0.132,0.186,2023
65,1989,19,0.8,-9.386,0.034,109.994,146436,0.16,3.05e-05,0.0834,0.0768,2023
61,1989,20,0.695,-8.84,0.0357,118.043,171818,0.212,0.0,0.102,0.394,2023
66,1989,21,0.599,-7.343,0.035,100.001,229477,0.0486,0.0,0.126,0.153,2023
74,1989,22,0.604,-6.931,0.0889,170.088,199773,0.0143,0.0,0.237,0.197,2023
71,1989,1,0.76,-4.871,0.0316,116.989,212600,0.00661,0.000133,0.325,0.685,2023
80,1989,2,0.732,-5.469,0.0645,96.035,231833,0.0901,0.0,0.331,0.71,2023
79,1989,3,0.514,-4.803,0.0444,94.884,231000,0.000456,0.0232,0.0946,0.298,2023
73,1989,4,0.544,-5.973,0.0383,91.981,235800,0.000466,0.000134,0.381,0.184,2023
69,1989,5,0.589,-5.614,0.0308,97.069,193289,0.000778,0.0,0.188,0.54,2023
75,1989,6,0.632,-5.707,0.069,160.052,219209,0.0112,2.51e-05,0.156,0.903,2023
68,1989,7,0.671,-6.568,0.0417,118.032,207650,0.00388,9.48e-06,0.0812,0.523,2023
71,1989,8,0.624,-6.347,0.159,169.999,211103,0.0369,3.13e-06,0.19,0.347,2023
77,1989,9,0.587,-7.439,0.0598,139.993,220433,0.0348,9.95e-05,0.0971,0.539,2023
67,1989,10,0.761,-5.956,0.0537,120.014,247533,0.00198,1.08e-05,0.0873,0.519,2023
67,1989,11,0.47,-8.672,0.0349,144.039,250100,0.302,0.0,0.0672,0.0524,2023
66,1989,12,0.572,-5.348,0.0574,160.015,195700,0.0846,0.0,0.071,0.626,2023
70,1989,13,0.782,-8.964,0.0303,103.99,271000,0.297,2.98e-05,0.103,0.267,2023
67,1989,14,0.387,-5.956,0.0545,123.18,245566,0.0105,1.1e-05,0.128,0.32,2023
69,1989,15,0.554,-9.403,0.0455,85.079,267389,0.572,2.08e-06,0.113,0.401,2023
74,1989,16,0.653,-5.936,0.0583,122.017,230177,0.00516,4.24e-06,0.0798,0.724,2023
77,1989,17,0.621,-13.187,0.0543,77.978,180381,0.33,0.000112,0.0634,0.313,2023
73,1989,18,0.632,-8.375,0.0342,109.962,279833,0.0684,5.82e-06,0.132,0.186,2023
77,1989,19,0.8,-9.386,0.034,109.994,146436,0.16,3.05e-05,0.0834,0.0768,2023
68,1989,20,0.695,-8.84,0.0357,118.043,171818,0.212,0.0,0.102,0.394,2023
78,1989,21,0.599,-7.343,0.035,100.001,229477,0.0486,0.0,0.126,0.153,2023
74,Speak Now,1,0.647,-2.903,0.0363,121.101,231706,0.00314,1.93e-06,0.174,0.5,2023
72,Speak Now,2,0.605,-2.413,0.032,114.921,261230,0.0241,0.0,0.0936,0.366,2023
74,Speak Now,3,0.486,-3.994,0.0278,141.868,294189,0.00705,0.0,0.119,0.235,2023
69,Speak Now,4,0.734,-2.926,0.0349,119.002,242473,0.225,0.0,0.136,0.598,2023
69,Speak Now,5,0.379,-5.07,0.0298,119.447,405906,0.0327,0.0,0.158,0.115,2023
69,Speak Now,6,0.526,-3.95,0.0392,163.949,238693,0.321,0.0,0.213,0.596,2023
70,Speak Now,7,0.516,-2.636,0.0563,139.787,267653,0.00136,0.0,0.0499,0.552,2023
65,Speak Now,8,0.684,-7.259,0.029,125.054,292920,0.867,0.0,0.194,0.572,2023
80,Speak Now,9,0.52,-3.546,0.0269,81.949,353253,0.016,0.0,0.165,0.227,2023
71,Speak Now,10,0.505,-3.013,0.0771,145.913,220306,0.000795,0.0,0.178,0.659,2023
63,Speak Now,11,0.524,-5.298,0.0297,133.583,301221,0.0972,0.0,0.127,0.126,2023
69,Speak Now,12,0.44,-1.927,0.0629,162.025,245413,0.00552,0.0,0.252,0.371,2023
69,Speak Now,13,0.557,-8.641,0.0263,79.573,369120,0.443,3.57e-06,0.1,0.187,2023
73,Speak Now,14,0.38,-4.054,0.038,203.826,317960,0.0162,0.0,0.227,0.0984,2023
66,Speak Now,15,0.539,-8.411,0.0287,159.824,235803,0.42,0.0,0.109,0.293,2023
62,Speak Now,16,0.537,-3.506,0.0302,131.898,274945,0.00207,0.0,0.11,0.347,2023
68,Speak Now,17,0.547,-4.753,0.0526,131.068,266466,0.018,0.0,0.156,0.26,2023
66,Speak Now,18,0.524,-4.714,0.0471,77.879,252385,0.168,0.0,0.104,0.234,2023
75,Speak Now,19,0.695,-4.883,0.0344,123.054,273186,0.0577,0.0,0.0426,0.813,2023
67,Speak Now,20,0.578,-8.064,0.0441,147.781,306062,0.342,0.0,0.0662,0.351,2023
68,Speak Now,21,0.672,-4.709,0.0298,97.041,311765,0.599,0.0,0.112,0.557,2023
69,Speak Now,22,0.629,-5.806,0.0319,142.887,321396,0.332,0.0,0.0868,0.651,2023
63,Midnights,1,0.735,-10.56,0.0883,97.05,202395,0.23,0.00126,0.132,0.0955,2023
64,Midnights,2,0.655,-8.29,0.0349,108.058,218270,0.0634,1.45e-06,0.0973,0.0384,2023
63,Midnights,3,0.633,-6.645,0.062,96.888,200690,0.121,2.62e-06,0.161,0.49,2023
60,Midnights,4,0.663,-13.527,0.0409,110.021,256124,0.701,0.000598,0.107,0.153,2023
64,Midnights,5,0.696,-10.331,0.0616,120.032,194206,0.447,1.55e-05,0.125,0.395,2023
63,Midnights,6,0.604,-11.637,0.0633,137.651,174782,0.71,5.87e-05,0.116,0.203,2023
61,Midnights,7,0.654,-8.767,0.242,108.874,210556,0.206,0.0,0.249,0.105,2023
62,Midnights,8,0.872,-10.764,0.387,79.964,164801,0.166,2.18e-05,0.123,0.168,2023
63,Midnights,9,0.687,-9.202,0.0787,163.994,194165,0.0593,0.000143,0.09,0.443,2023
61,Midnights,10,0.48,-15.512,0.0384,110.018,247962,0.797,0.333,0.12,0.132,2023
62,Midnights,11,0.64,-7.108,0.065,90.008,204852,0.062,0.0,0.475,0.121,2023
60,Midnights,12,0.336,-14.973,0.0456,176.48,188496,0.968,0.00011,0.115,0.407,2023
61,Midnights,13,0.66,-14.132,0.14,125.96,191039,0.565,0.00134,0.0922,0.137,2023
62,Midnights,14,0.57,-8.93,0.0342,96.016,240355,0.199,2.32e-05,0.0854,0.574,2023
60,Midnights,15,0.42,-12.584,0.0472,165.564,218502,0.841,0.00131,0.114,0.0705,2023
60,Midnights,16,0.703,-10.501,0.085,110.94,196258,0.103,2.89e-05,0.148,0.347,2023
59,Midnights,17,0.571,-10.141,0.101,175.933,231475,0.704,0.0,0.0877,0.768,2023
58,Midnights,18,0.677,-9.65,0.259,140.881,148781,0.314,0.0,0.11,0.347,2023
62,Midnights,19,0.485,-6.557,0.117,157.918,260361,0.393,0.00115,0.124,0.548,2023
59,Midnights,20,0.674,-11.944,0.0483,107.891,225194,0.464,0.00122,0.116,0.151,2023
72,Midnights,21,0.666,-6.556,0.0439,106.02,234466,0.134,3.34e-06,0.265,0.261,2023
73,Midnights,22,0.664,-10.997,0.0349,109.937,229942,0.797,3.13e-06,0.105,0.265,2023
64,Midnights,23,0.615,-6.548,0.0778,89.984,201493,0.0574,0.0,0.596,0.0705,2023
61,Midnights,1,0.735,-10.56,0.0883,97.05,202395,0.23,0.00126,0.132,0.0955,2022
61,Midnights,2,0.655,-8.29,0.0349,108.058,218270,0.0634,1.45e-06,0.0973,0.0384,2022
62,Midnights,3,0.633,-6.645,0.062,96.888,200690,0.121,2.62e-06,0.161,0.49,2022
62,Midnights,4,0.663,-13.527,0.0409,110.021,256124,0.701,0.000598,0.107,0.153,2022
62,Midnights,5,0.696,-10.331,0.0616,120.032,194206,0.447,1.55e-05,0.125,0.395,2022
61,Midnights,6,0.604,-11.637,0.0633,137.651,174782,0.71,5.87e-05,0.116,0.203,2022
58,Midnights,7,0.654,-8.767,0.242,108.874,210556,0.206,0.0,0.249,0.105,2022
61,Midnights,8,0.872,-10.764,0.387,79.964,164801,0.166,2.18e-05,0.123,0.168,2022
62,Midnights,9,0.687,-9.202,0.0787,163.994,194165,0.0593,0.000143,0.09,0.443,2022
58,Midnights,10,0.48,-15.512,0.0384,110.018,247962,0.797,0.333,0.12,0.132,2022
65,Midnights,11,0.64,-7.108,0.065,90.008,204852,0.062,0.0,0.475,0.121,2022
60,Midnights,12,0.336,-14.973,0.0456,176.48,188496,0.968,0.00011,0.115,0.407,2022
64,Midnights,13,0.66,-14.132,0.14,125.96,191039,0.565,0.00134,0.0922,0.137,2022
69,Midnights,14,0.57,-8.93,0.0342,96.016,240355,0.199,2.32e-05,0.0854,0.574,2022
66,Midnights,15,0.42,-12.584,0.0472,165.564,218502,0.841,0.00131,0.114,0.0705,2022
66,Midnights,16,0.703,-10.501,0.085,110.94,196258,0.103,2.89e-05,0.148,0.347,2022
64,Midnights,17,0.571,-10.141,0.101,175.933,231475,0.704,0.0,0.0877,0.768,2022
63,Midnights,18,0.677,-9.65,0.259,140.881,148781,0.314,0.0,0.11,0.347,2022
68,Midnights,19,0.485,-6.557,0.117,157.918,260361,0.393,0.00115,0.124,0.548,2022
64,Midnights,20,0.674,-11.944,0.0483,107.891,225194,0.464,0.00122,0.116,0.151,2022
77,Midnights,1,0.735,-10.56,0.0883,97.05,202395,0.23,0.00126,0.132,0.0955,2022
72,Midnights,2,0.655,-8.29,0.0349,108.058,218270,0.0634,1.45e-06,0.0973,0.0384,2022
85,Midnights,3,0.633,-6.645,0.062,96.888,200690,0.121,2.62e-06,0.161,0.49,2022
69,Midnights,4,0.663,-13.527,0.0409,110.021,256124,0.701,0.000598,0.107,0.153,2022
77,Midnights,5,0.696,-10.331,0.0616,120.032,194206,0.447,1.55e-05,0.125,0.395,2022
76,Midnights,6,0.604,-11.637,0.0633,137.651,174782,0.71,5.87e-05,0.116,0.203,2022
66,Midnights,7,0.654,-8.767,0.242,108.874,210556,0.206,0.0,0.249,0.105,2022
74,Midnights,8,0.872,-10.764,0.387,79.964,164801,0.166,2.18e-05,0.123,0.168,2022
77,Midnights,9,0.687,-9.202,0.0787,163.994,194165,0.0593,0.000143,0.09,0.443,2022
70,Midnights,10,0.48,-15.512,0.0384,110.018,247962,0.797,0.333,0.12,0.132,2022
80,Midnights,11,0.64,-7.108,0.065,90.008,204852,0.062,0.0,0.475,0.121,2022
69,Midnights,12,0.336,-14.973,0.0456,176.48,188496,0.968,0.00011,0.115,0.407,2022
72,Midnights,13,0.66,-14.132,0.14,125.96,191039,0.565,0.00134,0.0922,0.137,2022
65,Red,1,0.594,-5.314,0.0503,129.958,295413,0.000328,0.0,0.114,0.328,2021
73,Red,2,0.516,-4.908,0.0375,125.047,223093,0.00108,1.62e-06,0.0761,0.408,2021
65,Red,3,0.645,-6.506,0.0288,109.984,242720,0.0344,0.000127,0.13,0.299,2021
76,Red,4,0.584,-6.371,0.0342,154.008,219760,0.0129,0.0,0.0576,0.767,2021
71,Red,5,0.44,-7.809,0.0317,185.972,329160,0.0171,0.00203,0.234,0.132,2021
76,Red,6,0.642,-5.62,0.0281,103.984,230960,0.000443,1.02e-05,0.0753,0.642,2021
64,Red,7,0.511,-6.587,0.0264,145.88,244586,0.0167,0.0,0.113,0.248,2021
76,Red,8,0.567,-6.139,0.175,172.014,193146,0.0317,1.86e-06,0.0732,0.716,2021
64,Red,9,0.693,-7.039,0.025,100.02,205786,0.0848,0.0,0.0768,0.663,2021
67,Red,10,0.502,-5.954,0.0278,94.05,299080,0.0399,0.0,0.0977,0.155,2021
64,Red,11,0.622,-5.623,0.0638,156.894,202960,0.0288,0.00218,0.109,0.511,2021
65,Red,12,0.601,-11.827,0.0275,130.059,284773,0.622,9.19e-05,0.133,0.232,2021
63,Red,13,0.686,-7.138,0.05,117.889,240466,0.066,0.0,0.0608,0.538,2021
70,Red,14,0.498,-5.098,0.0363,79.918,245426,0.271,0.0,0.223,0.474,2021
63,Red,15,0.628,-5.864,0.0358,126.014,220413,0.00324,0.0,0.18,0.605,2021
66,Red,16,0.519,-7.673,0.0274,78.915,238866,0.075,0.0,0.132,0.267,2021
63,Red,17,0.636,-7.855,0.031,125.952,285280,0.0494,0.0,0.107,0.208,2021
66,Red,18,0.46,-6.031,0.0302,79.846,223333,0.0158,0.0,0.0822,0.399,2021
61,Red,19,0.691,-6.974,0.0326,125.089,220520,0.00955,1.88e-05,0.101,0.612,2021
61,Red,20,0.445,-13.778,0.0564,208.918,321640,0.663,1.57e-06,0.108,0.101,2021
58,Red,21,0.623,-10.802,0.031,116.04,264253,0.661,0.0,0.193,0.38,2021
67,Red,22,0.473,-5.824,0.0384,73.942,297013,0.214,0.0,0.0877,0.255,2021
70,Red,23,0.606,-9.455,0.0275,101.96,258812,0.817,0.0,0.154,0.446,2021
67,Red,24,0.584,-7.075,0.0931,167.844,224240,0.0538,2.83e-06,0.121,0.746,2021
70,Red,25,0.622,-6.106,0.0535,115.915,225960,0.00188,3.72e-06,0.083,0.494,2021
70,Red,26,0.391,-4.516,0.0495,149.654,285106,0.167,0.0,0.183,0.473,2021
63,Red,27,0.611,-5.828,0.031,116.012,263533,0.256,0.0,0.134,0.41,2021
64,Red,28,0.61,-6.918,0.0293,125.039,240226,0.817,0.0,0.312,0.443,2021
69,Red,29,0.678,-5.025,0.0281,121.009,200280,0.00115,0.0,0.104,0.581,2021
80,Red,30,0.631,-8.771,0.0303,93.023,613026,0.274,0.0,0.088,0.205,2021
78,Fearless,1,0.569,-4.963,0.0282,100.118,241591,0.0122,0.0,0.333,0.43,2021
66,Fearless,2,0.559,-4.61,0.0272,95.466,294419,0.116,0.0,0.32,0.289,2021
78,Fearless,3,0.627,-4.311,0.031,119.054,235766,0.13,3.97e-06,0.0845,0.415,2021
65,Fearless,4,0.788,-6.135,0.0296,115.99,254254,0.106,0.0,0.0934,0.797,2021
67,Fearless,5,0.423,-7.377,0.0486,185.262,234515,0.369,0.0,0.177,0.366,2021
81,Fearless,6,0.632,-4.856,0.0346,130.033,231124,0.0623,0.0,0.0885,0.474,2021
63,Fearless,7,0.506,-6.066,0.0287,148.035,263377,0.156,0.0,0.228,0.321,2021
62,Fearless,8,0.578,-3.669,0.0628,100.023,200575,0.0222,0.0,0.333,0.541,2021
64,Fearless,9,0.506,-4.99,0.0285,133.873,261842,0.0538,0.0,0.123,0.241,2021
76,Fearless,10,0.402,-4.665,0.0484,161.032,243136,0.0033,0.0,0.108,0.472,2021
67,Fearless,11,0.598,-4.433,0.0447,128.03,225328,0.0231,0.0,0.143,0.673,2021
61,Fearless,12,0.642,-8.524,0.0282,125.0,245290,0.488,0.0,0.159,0.469,2021
60,Fearless,13,0.499,-4.063,0.0341,95.999,279359,0.000191,0.0,0.181,0.344,2021
62,Fearless,14,0.572,-6.201,0.0358,160.111,237580,0.0474,0.0,0.0897,0.624,2021
63,Fearless,15,0.393,-6.112,0.0329,200.391,312107,0.0181,0.0,0.169,0.224,2021
61,Fearless,16,0.546,-9.208,0.0308,118.753,267833,0.819,0.0,0.137,0.271,2021
59,Fearless,17,0.476,-5.677,0.0269,143.929,237338,0.0406,0.0,0.102,0.167,2021
59,Fearless,18,0.454,-6.69,0.0283,171.862,263865,0.157,0.0,0.343,0.171,2021
64,Fearless,19,0.432,-4.367,0.0577,163.936,238443,0.0279,0.0,0.167,0.629,2021
62,Fearless,20,0.482,-5.025,0.0409,158.162,241822,0.0135,0.0,0.296,0.328,2021
59,Fearless,21,0.599,-7.61,0.0372,142.893,220839,0.816,0.0,0.101,0.44,2021
70,Fearless,22,0.66,-6.269,0.0521,135.942,277591,0.162,0.0,0.0667,0.714,2021
62,Fearless,23,0.609,-8.819,0.0263,106.007,244236,0.849,0.0,0.0779,0.13,2021
64,Fearless,24,0.588,-7.062,0.0365,90.201,189495,0.225,0.0,0.092,0.508,2021
63,Fearless,25,0.563,-11.548,0.0503,101.934,208608,0.514,1.2e-05,0.109,0.405,2021
61,Fearless,26,0.624,-7.86,0.0539,80.132,242157,0.334,0.0,0.0995,0.527,2021
66,evermore,1,0.392,-9.195,0.17,81.112,214706,0.833,0.00179,0.145,0.529,2021
67,evermore,2,0.462,-12.077,0.0377,171.319,244000,0.92,0.0,0.113,0.32,2021
64,evermore,3,0.512,-10.491,0.0408,112.05,185320,0.83,0.166,0.121,0.353,2021
64,evermore,4,0.575,-8.193,0.0312,145.916,229840,0.735,6.59e-05,0.105,0.348,2021
66,evermore,5,0.316,-10.381,0.0488,74.952,245440,0.878,2.67e-05,0.0797,0.221,2021
64,evermore,6,0.546,-7.589,0.0264,79.015,215626,0.418,0.0,0.103,0.535,2021
62,evermore,7,0.559,-10.733,0.0376,122.079,315146,0.87,0.0,0.114,0.211,2021
61,evermore,8,0.605,-8.322,0.0264,119.966,225880,0.696,0.0,0.129,0.354,2021
63,evermore,9,0.537,-11.266,0.0617,107.895,275320,0.819,0.000904,0.142,0.292,2021
63,evermore,10,0.515,-9.277,0.0353,88.856,260440,0.855,1.97e-05,0.0921,0.535,2021
63,evermore,11,0.604,-9.014,0.0347,127.967,275040,0.768,0.000155,0.123,0.511,2021
62,evermore,12,0.546,-7.704,0.0417,157.895,215920,0.66,0.179,0.0972,0.573,2021
63,evermore,13,0.535,-11.609,0.0484,96.103,257773,0.876,0.000136,0.115,0.287,2021
60,evermore,14,0.689,-10.813,0.245,151.884,180653,0.835,4.83e-06,0.134,0.92,2021
64,evermore,15,0.39,-10.673,0.0308,125.177,304106,0.937,0.00227,0.111,0.32,2021
74,evermore,16,0.581,-6.524,0.0282,137.915,245026,0.769,0.000106,0.117,0.645,2021
66,evermore,17,0.592,-12.426,0.0397,151.923,254640,0.801,1.39e-05,0.09,0.416,2021
77,evermore,1,0.392,-9.195,0.17,81.112,214706,0.833,0.00179,0.145,0.529,2020
77,evermore,2,0.462,-12.077,0.0377,171.319,244000,0.92,0.0,0.113,0.32,2020
67,evermore,3,0.512,-10.491,0.0408,112.05,185320,0.83,0.166,0.121,0.353,2020
65,evermore,4,0.575,-8.193,0.0312,145.916,229840,0.735,6.59e-05,0.105,0.348,2020
72,evermore,5,0.316,-10.381,0.0488,74.952,245440,0.878,2.67e-05,0.0797,0.221,2020
66,evermore,6,0.546,-7.589,0.0264,79.015,215626,0.418,0.0,0.103,0.535,2020
64,evermore,7,0.559,-10.733,0.0376,122.079,315146,0.87,0.0,0.114,0.211,2020
62,evermore,8,0.605,-8.322,0.0264,119.966,225880,0.696,0.0,0.129,0.354,2020
61,evermore,9,0.537,-11.266,0.0617,107.895,275320,0.819,0.000904,0.142,0.292,2020
66,evermore,10,0.515,-9.277,0.0353,88.856,260440,0.855,1.97e-05,0.0921,0.535,2020
65,evermore,11,0.604,-9.014,0.0347,127.967,275040,0.768,0.000155,0.123,0.511,2020
62,evermore,12,0.546,-7.704,0.0417,157.895,215920,0.66,0.179,0.0972,0.573,2020
70,evermore,13,0.535,-11.609,0.0484,96.103,257773,0.876,0.000136,0.115,0.287,2020
59,evermore,14,0.689,-10.813,0.245,151.884,180653,0.835,4.83e-06,0.134,0.92,2020
63,evermore,15,0.39,-10.673,0.0308,125.177,304106,0.937,0.00227,0.111,0.32,2020
48,folklore,1,0.78,-6.942,0.048,139.902,210240,0.75,7.14e-06,0.108,0.163,2020
49,folklore,2,0.612,-8.572,0.0419,130.045,239560,0.525,0.000414,0.26,0.534,2020
47,folklore,3,0.688,-8.558,0.0403,147.991,231000,0.481,0.00414,0.106,0.701,2020
48,folklore,4,0.31,-8.464,0.0275,75.938,285640,0.761,2.46e-05,0.11,0.16,2020
48,folklore,5,0.456,-10.663,0.0328,129.947,255893,0.814,0.0,0.0679,0.112,2020
46,folklore,6,0.549,-10.064,0.035,110.137,208973,0.686,1.9e-06,0.0604,0.347,2020
45,folklore,7,0.602,-10.813,0.0277,94.955,208906,0.888,2.59e-05,0.0902,0.374,2020
48,folklore,8,0.387,-9.222,0.0363,89.567,261920,0.553,6.93e-05,0.0931,0.42,2020
47,folklore,9,0.511,-9.837,0.0322,135.882,195106,0.312,2.3e-05,0.147,0.408,2020
46,folklore,10,0.529,-10.567,0.0356,119.58,190893,0.862,0.0,0.108,0.44,2020
46,folklore,11,0.651,-11.128,0.0507,83.455,252880,0.859,6.63e-05,0.105,0.454,2020
44,folklore,12,0.593,-9.016,0.0492,141.898,237266,0.67,6.77e-06,0.116,0.451,2020
43,folklore,13,0.317,-13.679,0.0286,93.933,289746,0.727,0.000326,0.0867,0.103,2020
45,folklore,14,0.595,-8.767,0.0256,95.946,294520,0.589,0.0,0.0989,0.476,2020
43,folklore,15,0.644,-12.879,0.0821,150.072,234000,0.916,1.5e-05,0.0909,0.328,2020
43,folklore,16,0.676,-15.01,0.0394,118.84,220040,0.964,7.9e-06,0.135,0.404,2020
45,folklore,17,0.313,-11.532,0.0383,179.947,211813,0.842,1.3e-06,0.0948,0.268,2020
54,folklore,1,0.708,-10.731,0.0361,139.803,219893,0.898,0.026,0.102,0.156,2020
54,folklore,2,0.395,-9.704,0.0382,86.478,230680,0.88,0.0,0.107,0.247,2020
51,folklore,3,0.64,-11.715,0.0379,147.948,232346,0.743,0.004,0.0574,0.614,2020
53,folklore,4,0.359,-10.295,0.0306,151.956,279893,0.848,6.74e-05,0.111,0.108,2020
55,folklore,5,0.531,-12.34,0.0351,129.007,295173,0.946,1.01e-05,0.0615,0.168,2020
53,folklore,6,0.509,-8.434,0.0272,109.993,237373,0.78,3.45e-05,0.118,0.109,2020
51,folklore,7,0.694,-11.49,0.0301,94.963,208986,0.914,0.000126,0.1,0.363,2020
54,folklore,8,0.554,-8.961,0.0324,89.977,260000,0.5,4.77e-05,0.791,0.545,2020
54,folklore,9,0.435,-11.611,0.031,68.097,209293,0.928,0.000898,0.0867,0.157,2020
53,folklore,10,0.489,-10.274,0.0356,117.699,183720,0.883,0.0,0.113,0.435,2020
51,folklore,11,0.59,-10.542,0.0281,83.438,257359,0.942,4.85e-06,0.11,0.351,2020
50,folklore,12,0.663,-10.463,0.0408,141.834,238333,0.887,0.000168,0.109,0.346,2020
49,folklore,13,0.524,-13.004,0.0274,93.87,274880,0.916,0.000392,0.068,0.113,2020
51,folklore,14,0.538,-9.5,0.0299,95.68,290040,0.841,0.0,0.119,0.518,2020
50,folklore,15,0.619,-11.472,0.0647,149.897,214373,0.93,7.61e-05,0.0734,0.513,2020
51,folklore,16,0.682,-13.083,0.0394,118.832,221800,0.962,0.0,0.18,0.483,2020
53,folklore,17,0.606,-11.767,0.0468,89.844,199733,0.794,0.0,0.0888,0.112,2020
68,folklore,1,0.78,-6.942,0.048,139.902,210240,0.75,7.14e-06,0.108,0.163,2020
68,folklore,2,0.612,-8.572,0.0419,130.045,239560,0.525,0.000414,0.26,0.534,2020
66,folklore,3,0.688,-8.558,0.0403,147.991,231000,0.481,0.00414,0.106,0.701,2020
68,folklore,4,0.31,-8.464,0.0275,75.938,285640,0.761,2.46e-05,0.11,0.16,2020
68,folklore,5,0.456,-10.663,0.0328,129.947,255893,0.814,0.0,0.0679,0.112,2020
66,folklore,6,0.549,-10.064,0.035,110.137,208973,0.686,1.9e-06,0.0604,0.347,2020
66,folklore,7,0.602,-10.813,0.0277,94.955,208906,0.888,2.59e-05,0.0902,0.374,2020
68,folklore,8,0.387,-9.222,0.0363,89.567,261920,0.553,6.93e-05,0.0931,0.42,2020
66,folklore,9,0.511,-9.837,0.0322,135.882,195106,0.312,2.3e-05,0.147,0.408,2020
66,folklore,10,0.529,-10.567,0.0356,119.58,190893,0.862,0.0,0.108,0.44,2020
66,folklore,11,0.651,-11.128,0.0507,83.455,252880,0.859,6.63e-05,0.105,0.454,2020
64,folklore,12,0.593,-9.016,0.0492,141.898,237266,0.67,6.77e-06,0.116,0.451,2020
63,folklore,13,0.317,-13.679,0.0286,93.933,289746,0.727,0.000326,0.0867,0.103,2020
65,folklore,14,0.595,-8.767,0.0256,95.946,294520,0.589,0.0,0.0989,0.476,2020
63,folklore,15,0.644,-12.879,0.0821,150.072,234000,0.916,1.5e-05,0.0909,0.328,2020
63,folklore,16,0.676,-15.01,0.0394,118.84,220040,0.964,7.9e-06,0.135,0.404,2020
67,folklore,17,0.313,-11.532,0.0383,179.947,211813,0.842,1.3e-06,0.0948,0.268,2020
74,folklore,1,0.777,-6.942,0.0522,139.884,210251,0.757,7.28e-06,0.108,0.172,2020
84,folklore,2,0.613,-8.588,0.0424,130.033,239560,0.537,0.000345,0.25,0.551,2020
70,folklore,3,0.686,-8.505,0.0413,147.922,230999,0.467,0.0023,0.109,0.706,2020
77,folklore,4,0.298,-8.426,0.0287,75.602,285634,0.778,5.62e-05,0.11,0.152,2020
78,folklore,5,0.469,-10.63,0.0329,129.86,255893,0.806,0.0,0.0749,0.112,2020
73,folklore,6,0.553,-10.037,0.0334,110.107,208977,0.687,2.33e-06,0.0594,0.379,2020
70,folklore,7,0.596,-10.769,0.0274,94.922,208906,0.9,2.7e-05,0.091,0.415,2020
84,folklore,8,0.532,-9.208,0.0331,89.937,261922,0.538,7.28e-05,0.0925,0.403,2020
73,folklore,9,0.515,-9.843,0.0328,135.886,195097,0.314,4.74e-05,0.171,0.412,2020
77,folklore,10,0.559,-10.445,0.0338,119.845,190898,0.881,0.0,0.106,0.46,2020
73,folklore,11,0.653,-11.143,0.055,83.433,252880,0.838,7.73e-05,0.108,0.45,2020
65,folklore,12,0.592,-8.995,0.0471,141.916,237258,0.655,1.68e-05,0.114,0.506,2020
64,folklore,13,0.175,-13.69,0.0302,94.203,289749,0.731,0.000402,0.0858,0.106,2020
73,folklore,14,0.593,-8.761,0.0253,95.939,294521,0.6,0.0,0.0976,0.502,2020
65,folklore,15,0.647,-12.906,0.0916,150.044,234000,0.918,1.73e-05,0.0918,0.339,2020
65,folklore,16,0.662,-15.065,0.0415,118.819,220042,0.966,3.86e-06,0.133,0.429,2020
71,Lover,1,0.664,-10.345,0.519,92.875,170640,0.298,2.03e-06,0.0812,0.541,2019
93,Lover,2,0.552,-5.707,0.157,169.994,178426,0.117,2.06e-05,0.105,0.564,2019
86,Lover,3,0.359,-7.582,0.0919,68.534,221306,0.492,1.58e-05,0.118,0.453,2019
81,Lover,4,0.777,-5.191,0.054,110.048,190360,0.0767,0.0,0.0901,0.633,2019
75,Lover,5,0.292,-9.375,0.0401,124.344,211240,0.12,0.00569,0.0663,0.166,2019
72,Lover,6,0.897,-8.029,0.0569,100.003,173386,0.00889,0.000353,0.0715,0.416,2019
79,Lover,7,0.662,-6.926,0.0736,150.088,234146,0.028,0.00615,0.138,0.487,2019
78,Lover,8,0.811,-6.553,0.0497,103.979,222400,0.0129,1.36e-05,0.0742,0.865,2019
74,Lover,9,0.824,-9.728,0.0827,102.012,287266,0.781,0.000189,0.1,0.248,2019
72,Lover,10,0.712,-6.754,0.0629,94.071,198533,0.454,0.0,0.319,0.313,2019
74,Lover,11,0.695,-6.639,0.05,157.925,190240,0.0246,0.000104,0.133,0.557,2019
66,Lover,12,0.433,-12.566,0.0641,207.476,201586,0.907,0.0,0.123,0.421,2019
73,Lover,13,0.739,-10.862,0.239,79.97,200306,0.736,0.000147,0.111,0.351,2019
80,Lover,14,0.771,-5.617,0.0553,85.026,171360,0.00929,0.0,0.0637,0.714,2019
74,Lover,15,0.756,-8.746,0.0344,111.011,223293,0.13,0.0,0.114,0.399,2019
75,Lover,16,0.61,-4.105,0.0571,182.162,193000,0.033,0.0,0.118,0.728,2019
66,Lover,17,0.737,-9.912,0.0401,70.008,150440,0.971,0.000337,0.171,0.545,2019
78,Lover,18,0.557,-9.602,0.0563,149.983,293453,0.808,0.000173,0.0772,0.265,2019
82,reputation,1,0.613,-6.509,0.136,160.015,208186,0.0527,0.0,0.197,0.417,2017
74,reputation,2,0.649,-6.237,0.0558,159.073,244826,0.00845,0.0,0.108,0.151,2017
75,reputation,3,0.696,-6.156,0.159,82.989,238253,0.0679,2.11e-05,0.0696,0.305,2017
85,reputation,4,0.615,-6.719,0.0386,135.917,236413,0.106,1.76e-05,0.0607,0.193,2017
81,reputation,5,0.75,-10.178,0.0682,95.045,232253,0.216,0.000357,0.0911,0.0499,2017
81,reputation,6,0.766,-6.471,0.123,128.07,211853,0.204,1.41e-05,0.126,0.506,2017
69,reputation,7,0.574,-7.283,0.0732,74.957,227906,0.122,1.1e-06,0.13,0.374,2017
76,reputation,8,0.8,-6.684,0.135,92.027,209680,0.0713,9.48e-06,0.213,0.451,2017
79,reputation,9,0.562,-6.745,0.127,172.054,233626,0.00465,2.23e-06,0.0888,0.351,2017
72,reputation,10,0.675,-7.902,0.0382,110.01,214320,0.00882,2.21e-06,0.0391,0.314,2017
72,reputation,11,0.624,-6.686,0.196,160.024,211506,0.0604,1.1e-05,0.138,0.284,2017
75,reputation,12,0.719,-8.792,0.0533,120.085,230373,0.0329,0.0,0.169,0.0851,2017
70,reputation,13,0.567,-5.986,0.115,163.96,207133,0.0156,0.0,0.382,0.438,2017
75,reputation,14,0.598,-9.874,0.0731,163.954,203506,0.186,0.000221,0.34,0.252,2017
70,reputation,15,0.661,-12.864,0.0354,94.922,235466,0.921,0.0,0.13,0.23,2017
35,reputation,1,0.463,-7.803,0.0293,186.113,329160,0.0448,0.000334,0.128,0.317,2017
38,reputation,2,0.55,-7.416,0.0904,139.998,220440,0.0703,0.00138,0.106,0.461,2017
30,reputation,3,0.668,-8.567,0.0285,126.066,246306,0.638,4.1e-06,0.158,0.386,2017
33,reputation,4,0.605,-4.273,0.0423,124.982,223093,0.0779,0.000124,0.0911,0.647,2017
29,reputation,5,0.627,-6.698,0.0774,157.043,202960,0.0159,0.0022,0.0965,0.648,2017
32,reputation,6,0.626,-6.993,0.0234,99.962,204706,0.315,0.0,0.138,0.265,2017
36,reputation,7,0.545,-5.05,0.0363,178.016,203440,0.114,0.0,0.321,0.565,2017
35,reputation,8,0.66,-6.565,0.0379,104.009,232120,0.00254,0.00146,0.0473,0.677,2017
36,reputation,9,0.536,-6.761,0.0412,77.318,219720,0.00476,2.74e-06,0.0358,0.666,2017
79,reputation,10,0.73,-8.418,0.0538,117.979,247160,0.059,1.8e-05,0.14,0.106,2017
32,reputation,11,0.576,-3.982,0.0427,163.884,238693,0.449,0.0,0.223,0.791,2017
31,reputation,12,0.764,-6.112,0.0503,119.995,247533,0.00363,0.00899,0.0918,0.546,2017
54,reputation,13,0.578,-7.283,0.0676,74.996,227906,0.122,1.1e-06,0.13,0.371,2017
29,reputation,14,0.549,-4.436,0.027,95.124,295320,0.07,0.0,0.138,0.217,2017
37,reputation,15,0.622,-2.945,0.0302,121.029,231866,0.00311,3.1e-06,0.187,0.662,2017
31,reputation,16,0.61,-2.98,0.0309,114.974,262920,0.041,0.0,0.16,0.399,2017
28,reputation,17,0.591,-5.895,0.0333,129.958,295720,0.000182,0.00115,0.0879,0.383,2017
30,reputation,18,0.43,-2.622,0.0605,162.026,245413,0.0655,0.0,0.0612,0.371,2017
28,reputation,19,0.714,-8.828,0.0302,124.892,292920,0.824,0.0,0.136,0.546,2017
27,reputation,20,0.704,-8.086,0.0334,109.996,242760,0.101,4.3e-06,0.14,0.395,2017
29,reputation,21,0.577,-3.266,0.102,171.78,215106,0.0221,0.0,0.125,0.647,2017
31,reputation,22,0.789,-4.762,0.0323,117.0,212600,0.0348,1.69e-06,0.302,0.658,2017
29,reputation,23,0.603,-4.401,0.0272,100.163,242973,0.0381,0.0,0.307,0.429,2017
40,reputation,24,0.536,-3.907,0.0275,81.963,353253,0.0707,0.00117,0.158,0.222,2017
26,reputation,25,0.543,-4.206,0.0377,95.999,281053,0.00418,0.0,0.111,0.233,2017
30,reputation,26,0.609,-7.392,0.0279,159.838,239346,0.469,0.0,0.087,0.228,2017
32,reputation,27,0.553,-6.937,0.0397,91.999,235800,0.000743,1.07e-05,0.341,0.339,2017
28,reputation,28,0.486,-6.291,0.0256,79.873,223920,0.00471,2.06e-06,0.0997,0.22,2017
27,reputation,29,0.573,-2.929,0.0323,114.985,202080,0.0576,0.0,0.327,0.438,2017
28,reputation,30,0.48,-8.795,0.0319,143.942,250093,0.679,0.0,0.0928,0.108,2017
26,reputation,31,0.706,-7.639,0.0358,117.935,240266,0.0352,0.0,0.13,0.561,2017
27,reputation,32,0.608,-5.732,0.0246,95.963,205853,0.56,0.0,0.165,0.217,2017
31,reputation,33,0.442,-7.405,0.0281,73.849,264946,0.416,0.0,0.129,0.167,2017
30,reputation,34,0.503,-3.648,0.0379,143.941,263613,0.121,0.0,0.0974,0.508,2017
26,reputation,35,0.617,-5.712,0.0271,79.979,238093,0.113,0.0,0.074,0.827,2017
27,reputation,36,0.516,-8.349,0.0269,78.985,239426,0.197,3.49e-06,0.14,0.312,2017
27,reputation,37,0.478,-4.948,0.0275,146.134,251213,0.523,0.0,0.0728,0.238,2017
28,reputation,38,0.547,-3.63,0.0398,139.911,267653,0.00556,0.000318,0.0588,0.645,2017
26,reputation,39,0.607,-5.02,0.0587,128.055,226293,0.0805,0.0,0.207,0.521,2017
26,reputation,40,0.843,-7.361,0.0318,116.002,256040,0.191,1.93e-06,0.108,0.839,2017
28,reputation,41,0.712,-3.753,0.0304,118.979,243346,0.0991,0.0,0.102,0.714,2017
30,reputation,42,0.422,-5.447,0.0549,184.019,245560,0.0493,2.57e-05,0.177,0.197,2017
28,reputation,43,0.578,-8.066,0.0257,92.671,235400,0.311,0.0,0.1,0.218,2017
28,reputation,44,0.556,-3.685,0.0719,143.929,215600,0.00454,0.000462,0.101,0.521,2017
27,reputation,45,0.649,-5.798,0.0391,126.014,220600,0.0186,0.000474,0.234,0.617,2017
28,reputation,46,0.603,-4.991,0.0709,159.971,195706,0.243,0.0,0.178,0.496,2017
48,1989,1,0.789,-4.762,0.0323,116.992,212600,0.0348,1.64e-06,0.302,0.658,2014
81,1989,2,0.76,-5.412,0.054,95.997,231826,0.103,0.0,0.0913,0.57,2014
79,1989,3,0.588,-5.595,0.0402,94.933,231000,0.00245,0.00258,0.118,0.487,2014
59,1989,4,0.553,-6.937,0.0396,92.008,235800,0.000743,1.19e-05,0.341,0.338,2014
47,1989,5,0.605,-5.729,0.0323,96.97,193293,0.00201,2.02e-05,0.101,0.539,2014
80,1989,6,0.647,-5.384,0.165,160.078,219200,0.0647,0.0,0.334,0.942,2014
51,1989,7,0.653,-5.966,0.0538,118.035,207440,0.0158,4.95e-05,0.102,0.513,2014
52,1989,8,0.646,-6.104,0.19,170.216,211933,0.0885,6.16e-06,0.201,0.287,2014
52,1989,9,0.55,-7.416,0.0897,139.997,220440,0.0692,0.00144,0.106,0.465,2014
55,1989,10,0.765,-6.112,0.0504,119.997,247533,0.00364,0.00868,0.0918,0.545,2014
50,1989,11,0.481,-8.795,0.0321,143.95,250093,0.678,0.0,0.0928,0.107,2014
50,1989,12,0.602,-4.991,0.071,159.965,195706,0.245,0.0,0.178,0.495,2014
55,1989,13,0.815,-7.754,0.0346,103.97,271000,0.232,0.0,0.1,0.211,2014
55,1989,14,0.422,-5.447,0.0549,184.014,245560,0.0493,2.57e-05,0.177,0.197,2014
55,1989,15,0.474,-8.894,0.0622,170.109,267106,0.707,0.000108,0.0903,0.319,2014
62,1989,16,0.633,-5.87,0.0715,121.956,230466,0.00463,0.000458,0.0658,0.584,2014
59,1989,1,0.793,-4.807,0.0324,117.023,212600,0.038,1.76e-06,0.304,0.615,2014
60,1989,2,0.752,-5.421,0.0646,96.009,231826,0.085,1.64e-06,0.13,0.583,2014
56,1989,3,0.598,-5.572,0.0382,95.021,231000,0.00256,0.00143,0.117,0.456,2014
46,1989,4,0.552,-6.938,0.0372,91.993,235800,0.00103,1.23e-05,0.337,0.342,2014
53,1989,5,0.602,-5.778,0.0337,96.969,193293,0.00196,4.77e-05,0.105,0.472,2014
53,1989,6,0.648,-5.414,0.165,160.02,219200,0.0561,0.0,0.148,0.943,2014
42,1989,7,0.649,-5.963,0.0511,118.027,207440,0.016,9.9e-05,0.109,0.503,2014
71,1989,8,0.652,-6.114,0.181,170.157,211933,0.0871,6.45e-06,0.148,0.295,2014
75,1989,9,0.553,-7.417,0.0741,140.06,220440,0.0709,0.0056,0.106,0.467,2014
43,1989,10,0.764,-6.136,0.0492,119.982,247533,0.00463,0.00458,0.0915,0.525,2014
42,1989,11,0.485,-8.768,0.0337,71.981,250093,0.635,0.0,0.101,0.0858,2014
43,1989,12,0.595,-4.991,0.0661,159.959,195706,0.231,0.0,0.2,0.507,2014
42,1989,13,0.81,-7.755,0.035,103.981,271000,0.242,0.0,0.113,0.211,2014
43,Red,1,0.588,-5.882,0.0328,129.968,295720,0.000197,0.00138,0.0884,0.397,2012
54,Red,2,0.602,-4.267,0.0437,124.978,223093,0.0773,8.87e-05,0.0911,0.641,2012
41,Red,3,0.704,-8.086,0.0334,109.995,242760,0.101,4.3e-06,0.14,0.395,2012
59,Red,4,0.622,-6.798,0.0363,77.019,219720,0.00454,2.25e-06,0.0335,0.679,2012
59,Red,5,0.602,-7.803,0.0243,93.06,329160,0.0382,0.0002,0.128,0.337,2012
59,Red,6,0.661,-6.561,0.0376,103.987,232120,0.00215,0.0013,0.0477,0.668,2012
43,Red,7,0.567,-7.357,0.027,145.865,244560,0.0173,4.13e-05,0.182,0.233,2012
59,Red,8,0.628,-5.911,0.0916,85.984,193146,0.00957,2.65e-05,0.121,0.75,2012
43,Red,9,0.729,-6.67,0.0245,99.981,205853,0.307,1.29e-06,0.0962,0.928,2012
45,Red,10,0.505,-7.039,0.0276,94.069,299013,0.035,3.15e-06,0.0906,0.123,2012
41,Red,11,0.627,-6.698,0.0774,157.043,202960,0.0162,0.00208,0.0965,0.648,2012
40,Red,12,0.624,-12.411,0.029,129.987,284866,0.632,0.0337,0.0805,0.261,2012
40,Red,13,0.706,-7.675,0.0369,117.937,240266,0.0371,0.0,0.132,0.545,2012
52,Red,14,0.624,-6.755,0.0287,80.016,245413,0.36,3.89e-06,0.311,0.436,2012
41,Red,15,0.649,-5.804,0.0406,126.018,220600,0.0213,0.000335,0.21,0.587,2012
45,Red,16,0.53,-8.349,0.0263,79.025,239426,0.199,3.52e-06,0.14,0.323,2012
38,Red,17,0.619,-7.327,0.0315,126.03,286613,0.187,1.47e-05,0.101,0.274,2012
43,Red,18,0.483,-6.291,0.0254,79.926,223920,0.00471,2.01e-06,0.0997,0.217,2012
37,Red,19,0.733,-5.86,0.0284,125.048,220840,0.272,0.0,0.134,0.633,2012
34,Red,20,0.828,-8.248,0.0355,109.993,240266,0.175,6.14e-05,0.0991,0.519,2012
36,Red,21,0.678,-4.659,0.0358,124.998,227080,0.113,0.000235,0.0705,0.637,2012
37,Red,22,0.626,-15.91,0.0305,105.597,323080,0.664,0.000169,0.127,0.0682,2012
40,Red,1,0.588,-5.882,0.0328,129.968,295186,0.000197,0.00138,0.0885,0.397,2012
58,Red,2,0.602,-4.267,0.0437,124.978,220826,0.0773,8.87e-05,0.091,0.641,2012
38,Red,3,0.705,-8.086,0.0334,109.993,240773,0.101,4.3e-06,0.147,0.395,2012
61,Red,4,0.622,-6.798,0.0363,77.019,217973,0.00454,2.25e-06,0.0398,0.679,2012
44,Red,5,0.602,-7.803,0.0243,93.06,327893,0.0382,0.0002,0.127,0.337,2012
53,Red,6,0.658,-6.561,0.0378,104.007,230133,0.00215,0.0013,0.0752,0.668,2012
39,Red,7,0.567,-7.357,0.027,145.865,242573,0.0173,4.13e-05,0.182,0.233,2012
59,Red,8,0.628,-5.911,0.0916,85.984,191880,0.00957,2.65e-05,0.102,0.75,2012
39,Red,9,0.729,-6.67,0.0245,99.981,204826,0.307,1.29e-06,0.09,0.928,2012
38,Red,10,0.505,-7.039,0.0276,94.069,298293,0.035,3.15e-06,0.0921,0.123,2012
37,Red,11,0.627,-6.698,0.0774,157.043,201853,0.0162,0.00208,0.0966,0.648,2012
35,Red,12,0.624,-12.411,0.029,129.987,283680,0.632,0.0337,0.121,0.261,2012
36,Red,13,0.706,-7.675,0.0369,117.937,240133,0.0371,0.0,0.132,0.545,2012
50,Red,14,0.624,-6.755,0.0287,80.017,243933,0.36,3.89e-06,0.303,0.436,2012
37,Red,15,0.649,-5.804,0.0406,126.018,217826,0.0213,0.000335,0.221,0.587,2012
56,Red,16,0.53,-8.349,0.0263,79.025,237613,0.199,3.52e-06,0.232,0.323,2012
42,Speak Now,1,0.455,-5.184,0.0393,114.981,336826,0.00917,0.0,0.918,0.298,2010
40,Speak Now,2,0.496,-4.775,0.0373,120.969,259279,0.00233,0.0,0.554,0.442,2010
40,Speak Now,3,0.419,-5.156,0.0651,139.813,290520,0.00048,0.0,0.815,0.472,2010
40,Speak Now,4,0.429,-4.373,0.069,163.752,246373,0.154,0.0,0.693,0.432,2010
39,Speak Now,5,0.421,-10.21,0.0298,77.769,245973,0.715,0.0,0.867,0.267,2010
47,Speak Now,6,0.374,-8.745,0.0294,142.057,362826,0.155,0.0,0.795,0.171,2010
41,Speak Now,7,0.445,-5.629,0.0768,145.954,344573,0.00306,2.67e-05,0.931,0.386,2010
40,Speak Now,8,0.615,-5.251,0.0318,118.876,248146,0.0636,1.28e-06,0.83,0.373,2010
40,Speak Now,9,0.427,-12.551,0.0291,79.517,369066,0.205,8.73e-06,0.701,0.188,2010
46,Speak Now,10,0.374,-8.407,0.0392,109.025,315173,0.806,0.0,0.76,0.27,2010
42,Speak Now,11,0.327,-9.287,0.0322,104.46,189146,0.713,0.0,0.837,0.363,2010
40,Speak Now,12,0.536,-6.794,0.0341,97.397,83253,0.794,0.000122,0.497,0.249,2010
40,Speak Now,13,0.521,-8.784,0.0301,119.518,404680,0.0157,0.0,0.884,0.138,2010
42,Speak Now,14,0.34,-5.597,0.0331,163.678,389213,0.0747,2.34e-06,0.563,0.214,2010
41,Speak Now,15,0.338,-7.495,0.0496,162.157,292426,0.0245,0.0,0.889,0.177,2010
41,Speak Now,16,0.544,-5.838,0.0282,101.939,376466,0.0053,0.0,0.865,0.204,2010
42,Speak Now,1,0.696,-3.863,0.0308,121.05,230546,0.00461,1.21e-06,0.101,0.692,2010
53,Speak Now,2,0.608,-2.976,0.0311,114.985,260946,0.0387,0.0,0.158,0.376,2010
62,Speak Now,3,0.517,-5.797,0.0289,141.929,293040,0.0202,0.0,0.324,0.296,2010
50,Speak Now,4,0.708,-3.75,0.0306,118.962,240773,0.101,0.0,0.0979,0.742,2010
46,Speak Now,5,0.583,-5.378,0.0278,119.375,403933,0.183,1.65e-06,0.111,0.126,2010
51,Speak Now,6,0.57,-3.978,0.0426,164.004,237746,0.445,0.0,0.219,0.808,2010
48,Speak Now,7,0.575,-4.827,0.0467,139.92,265680,0.000315,0.00161,0.0419,0.84,2010
48,Speak Now,8,0.715,-8.829,0.0305,124.899,290480,0.829,0.0,0.16,0.547,2010
71,Speak Now,9,0.535,-3.913,0.0273,81.975,352200,0.0716,0.000388,0.169,0.228,2010
54,Speak Now,10,0.519,-3.185,0.0887,145.882,217173,0.0167,2.06e-05,0.359,0.652,2010
38,Speak Now,11,0.553,-5.295,0.0258,133.989,302266,0.202,0.0,0.125,0.186,2010
47,Speak Now,12,0.434,-2.641,0.0581,162.02,242093,0.0769,0.0,0.151,0.361,2010
49,Speak Now,13,0.359,-9.531,0.0293,84.358,367146,0.581,3.75e-05,0.0979,0.208,2010
51,Speak Now,14,0.412,-4.319,0.0339,203.959,317960,0.0426,7.47e-05,0.106,0.146,2010
42,Speak Now,1,0.696,-3.863,0.0308,121.05,230546,0.00461,1.21e-06,0.101,0.692,2010
52,Speak Now,2,0.608,-2.976,0.0311,114.985,260946,0.0387,0.0,0.158,0.376,2010
63,Speak Now,3,0.517,-5.797,0.0289,141.929,293040,0.0202,0.0,0.324,0.296,2010
51,Speak Now,4,0.708,-3.75,0.0306,118.962,240773,0.101,0.0,0.0979,0.742,2010
46,Speak Now,5,0.583,-5.378,0.0278,119.375,403887,0.183,1.65e-06,0.111,0.126,2010
55,Speak Now,6,0.57,-3.978,0.0426,164.004,237746,0.445,0.0,0.219,0.808,2010
40,Speak Now,7,0.575,-4.827,0.0467,139.92,265636,0.000315,0.00161,0.0419,0.84,2010
44,Speak Now,8,0.715,-8.829,0.0305,124.899,290480,0.829,0.0,0.16,0.547,2010
71,Speak Now,9,0.535,-3.913,0.0273,81.975,352200,0.0716,0.000388,0.169,0.228,2010
54,Speak Now,10,0.519,-3.185,0.0887,145.882,217173,0.0167,2.06e-05,0.359,0.652,2010
40,Speak Now,11,0.553,-5.295,0.0258,133.989,302266,0.202,0.0,0.125,0.186,2010
48,Speak Now,12,0.434,-2.641,0.0581,162.02,242093,0.0769,0.0,0.151,0.361,2010
46,Speak Now,13,0.359,-9.531,0.0293,84.358,367146,0.581,3.75e-05,0.0979,0.208,2010
46,Speak Now,14,0.412,-4.319,0.0339,203.959,317960,0.0426,7.47e-05,0.106,0.146,2010
46,Speak Now,15,0.61,-7.369,0.0285,159.838,238173,0.505,0.0,0.0851,0.192,2010
45,Speak Now,16,0.515,-3.498,0.0267,147.788,234546,0.154,4.05e-06,0.269,0.257,2010
39,Speak Now,17,0.582,-3.718,0.0337,131.983,276266,0.0187,1.94e-06,0.101,0.547,2010
49,Speak Now,18,0.541,-6.522,0.027,141.713,292533,0.731,0.0,0.197,0.333,2010
44,Speak Now,19,0.574,-5.124,0.0252,80.858,217626,0.841,0.0,0.28,0.314,2010
57,Speak Now,20,0.621,-2.934,0.0297,121.038,230773,0.00327,4.55e-06,0.184,0.672,2010
34,Speak Now,21,0.525,-4.684,0.0294,141.95,293040,0.113,0.0,0.294,0.281,2010
52,Speak Now,22,0.546,-3.621,0.041,139.91,266480,0.00487,0.000372,0.0437,0.649,2010
41,Fearless,1,0.618,-5.737,0.0271,79.991,237066,0.111,0.0,0.0693,0.82,2008
43,Fearless,2,0.419,-6.809,0.0335,200.017,311040,0.0583,3.78e-06,0.0974,0.288,2008
41,Fearless,3,0.592,-10.785,0.0347,118.929,267506,0.852,0.0,0.116,0.294,2008
39,Fearless,4,0.527,-6.172,0.0256,143.94,238093,0.0961,2.47e-06,0.24,0.23,2008
38,Fearless,5,0.61,-6.123,0.0239,85.979,261453,0.367,0.0,0.351,0.228,2008
39,Fearless,6,0.476,-4.279,0.0347,163.847,237600,0.169,0.0,0.238,0.469,2008
50,Fearless,7,0.598,-4.397,0.0273,99.979,242000,0.0364,1.04e-06,0.31,0.467,2008
40,Fearless,8,0.559,-4.4,0.0263,95.485,294346,0.0728,0.0,0.144,0.214,2008
56,Fearless,9,0.618,-3.937,0.0308,118.982,235280,0.157,0.0,0.073,0.307,2008
43,Fearless,10,0.843,-7.348,0.0317,115.997,254320,0.168,2.66e-06,0.107,0.825,2008
42,Fearless,11,0.585,-8.014,0.0256,92.564,234440,0.302,0.0,0.102,0.195,2008
57,Fearless,12,0.687,-4.424,0.0384,129.964,231146,0.164,2.46e-05,0.112,0.445,2008
38,Fearless,13,0.498,-7.384,0.0273,147.952,263986,0.373,0.0,0.113,0.17,2008
40,Fearless,14,0.601,-3.096,0.0386,100.015,200560,0.0606,3.41e-06,0.37,0.513,2008
42,Fearless,15,0.459,-4.126,0.0275,134.018,261800,0.13,2.3e-06,0.113,0.281,2008
48,Fearless,16,0.436,-3.689,0.0329,160.886,244240,0.0322,0.0,0.111,0.379,2008
43,Fearless,17,0.605,-4.993,0.0549,128.012,225333,0.0907,0.0,0.106,0.514,2008
40,Fearless,18,0.664,-8.535,0.0292,126.079,245346,0.611,1e-06,0.139,0.364,2008
40,Fearless,19,0.548,-4.175,0.036,96.038,281053,0.00471,0.0,0.117,0.224,2008
36,Fearless,1,0.593,-4.43,0.0269,100.11,242373,0.0449,0.0,0.309,0.472,2008
32,Fearless,2,0.555,-4.419,0.027,95.431,294306,0.072,0.0,0.143,0.207,2008
46,Fearless,3,0.62,-5.398,0.0285,119.055,233933,0.0186,0.00011,0.206,0.34,2008
30,Fearless,4,0.843,-7.364,0.0317,116.0,254680,0.174,3.87e-06,0.0968,0.826,2008
33,Fearless,5,0.587,-8.034,0.0257,92.71,233560,0.298,0.0,0.106,0.212,2008
45,Fearless,6,0.688,-4.436,0.0381,129.969,230506,0.151,1.98e-05,0.104,0.469,2008
31,Fearless,7,0.488,-7.39,0.0275,147.926,263720,0.389,0.0,0.125,0.163,2008
27,Fearless,8,0.606,-3.058,0.0374,99.999,200213,0.0611,1.99e-06,0.374,0.476,2008
28,Fearless,9,0.471,-4.137,0.027,133.96,261800,0.145,2.39e-06,0.108,0.309,2008
31,Fearless,10,0.434,-3.748,0.0335,160.872,244626,0.0315,0.0,0.125,0.412,2008
28,Fearless,11,0.604,-5.002,0.0537,128.0,225000,0.0788,0.0,0.164,0.55,2008
26,Fearless,12,0.671,-8.561,0.0287,126.059,245266,0.648,3.04e-06,0.141,0.368,2008
25,Fearless,13,0.545,-4.231,0.037,96.017,278546,0.00465,0.0,0.115,0.214,2008
31,Fearless,14,0.516,-4.833,0.0301,177.936,199933,0.00739,1.11e-06,0.354,0.664,2008
34,Fearless,15,0.514,-6.307,0.0264,99.974,193640,0.0178,0.00755,0.114,0.152,2008
29,Fearless,16,0.398,-4.382,0.0377,168.092,245826,0.00505,0.000437,0.234,0.454,2008
35,Live From Clear Channel,1,0.741,-7.031,0.0311,119.006,221028,0.659,0.0,0.131,0.512,2008
35,Live From Clear Channel,2,0.623,-5.894,0.026,96.601,198247,0.814,0.0,0.145,0.467,2008
38,Live From Clear Channel,3,0.627,-3.739,0.0269,98.958,176316,0.596,0.0,0.0598,0.457,2008
32,Live From Clear Channel,4,0.731,-9.235,0.0418,102.404,222959,0.856,0.0,0.0927,0.331,2008
30,Live From Clear Channel,5,0.344,-5.373,0.0574,204.489,196346,0.664,0.0,0.106,0.615,2008
30,Live From Clear Channel,6,0.647,-1.953,0.0524,105.798,173899,0.266,0.0,0.419,0.684,2008
30,Live From Clear Channel,7,0.429,-3.004,0.0677,171.537,228473,0.399,0.0,0.0884,0.438,2008
28,Live From Clear Channel,8,0.243,-4.307,0.0577,202.319,258487,0.156,0.0,0.111,0.273,2008
56,Taylor Swift (Deluxe Edition),1,0.58,-6.462,0.0251,76.009,232106,0.575,0.0,0.121,0.425,2006
61,Taylor Swift (Deluxe Edition),2,0.658,-2.098,0.0323,105.586,173066,0.173,0.0,0.0962,0.821,2006
63,Taylor Swift (Deluxe Edition),3,0.621,-6.941,0.0231,99.953,203040,0.288,0.0,0.119,0.289,2006
55,Taylor Swift (Deluxe Edition),4,0.576,-2.881,0.0324,115.028,199200,0.051,0.0,0.32,0.428,2006
55,Taylor Swift (Deluxe Edition),5,0.418,-5.769,0.0266,175.558,239013,0.217,0.0,0.123,0.261,2006
54,Taylor Swift (Deluxe Edition),6,0.589,-4.055,0.0293,112.982,207106,0.00491,0.0,0.24,0.591,2006
54,Taylor Swift (Deluxe Edition),7,0.479,-4.963,0.0294,146.165,248106,0.525,0.0,0.0841,0.192,2006
53,Taylor Swift (Deluxe Edition),8,0.594,-4.919,0.0246,131.597,236053,0.0868,0.0,0.137,0.504,2006
60,Taylor Swift (Deluxe Edition),9,0.476,-3.771,0.0289,167.964,242200,0.0103,0.0,0.196,0.472,2006
57,Taylor Swift (Deluxe Edition),10,0.403,-5.28,0.0292,74.9,213080,0.0177,0.0,0.182,0.374,2006
64,Taylor Swift (Deluxe Edition),11,0.668,-4.931,0.0303,89.011,201106,0.111,0.0,0.329,0.539,2006
56,Taylor Swift (Deluxe Edition),12,0.563,-3.629,0.0646,143.964,213053,0.00452,0.000807,0.103,0.518,2006
54,Taylor Swift (Deluxe Edition),13,0.612,-5.723,0.0243,96.001,203226,0.637,0.0,0.147,0.233,2006
53,Taylor Swift (Deluxe Edition),14,0.483,-5.726,0.0365,156.092,220146,0.00349,0.0,0.128,0.268,2006
55,Taylor Swift (Deluxe Edition),15,0.459,-3.827,0.0537,199.997,179066,0.0402,0.0,0.0863,0.483,2006
